Grain density (g cm-3),Total porosity (-),Connected porosity (-),Intrinsic permeability (m2),Liquid apparent permeability (m2),Gas apparent permeability (m2),Thermal conductivity (W m-1 K-1)
2.82,0.190,0.180,,,,
2.89,0.240,0.220,,,,
2.81,0.350,0.320,,,,
3.19,0.030,0.020,,,,
3.08,0.120,0.110,,,,
3.04,0.100,0.080,,,,
2.91,0.180,0.157,,,,
2.94,0.163,0.150,,,,
2.77,0.433,0.397,,,,
2.92,0.160,0.143,,,,
3.03,0.077,0.023,,,,
3.08,0.053,0.043,,,,
2.78,0.160,0.150,,,,
3.10,0.170,0.130,,,,
3.09,0.190,0.150,,,,
3.04,0.360,0.310,,,,
3.10,0.050,0.030,,,,
3.03,0.330,0.310,,,,
3.03,0.250,0.200,,,,
2.92,0.300,0.290,,,,
2.96,0.237,0.233,,,,
2.97,0.147,0.130,,,,
3.04,0.150,0.120,,,,
3.05,0.090,0.090,,,,
3.09,0.055,0.040,,,,
2.94,0.310,0.310,,,,
3.09,0.060,0.030,,,,
3.06,0.150,0.130,,,,
2.88,0.350,0.320,,,,
2.97,0.120,0.070,,,,
2.93,0.155,0.125,,,,
2.69,0.123,0.107,,,,
3.11,0.290,0.195,,,,
3.06,0.330,0.320,,,,
3.04,0.220,0.200,,,,
3.09,0.200,0.170,,,,
3.02,0.360,0.350,,,,
2.83,0.260,0.260,,,,
2.84,0.355,0.350,,,,
2.85,0.160,0.150,,,,
2.82,0.320,0.320,,,,
2.78,0.120,0.100,,,,
2.76,0.080,0.070,,,,
2.84,0.320,0.300,,,,
2.78,0.090,0.080,,,,
2.96,0.025,0.015,,,,
2.84,0.210,0.190,,,,
2.80,0.140,0.130,,,,
2.84,0.310,0.300,,,,
2.80,0.280,0.270,,,,
2.75,0.115,0.100,,,,
2.86,0.240,0.240,,,,
2.77,0.150,0.140,,,,
3.10,0.230,0.120,,,,
3.07,0.240,0.150,,,,
3.08,0.220,0.070,,,,
3.09,0.320,0.210,,,,
3.08,0.340,0.260,,,,
2.97,0.150,0.120,,,,
2.97,0.060,0.050,,,,
2.98,0.060,0.040,,,,
3.06,0.180,0.170,,,,
3.06,0.090,0.070,,,,
3.07,0.100,0.090,,,,
3.07,0.180,0.180,,,,
3.08,0.310,0.120,,,,
3.08,0.250,0.120,,,,
3.08,0.230,0.090,,,,
3.08,0.290,0.200,,,,
3.10,0.300,0.130,,,,
3.08,0.070,0.070,,,,
3.08,0.080,0.080,,,,
3.07,0.110,0.070,,,,
3.10,0.210,0.070,,,,
3.08,0.240,0.120,,,,
3.11,0.130,0.045,,,,
3.09,0.120,0.050,,,,
3.09,0.165,0.075,,,,
2.97,0.190,0.170,,,,
2.99,0.100,0.095,,,,
2.74,0.320,0.310,,,,
2.70,0.420,0.430,,,,
2.78,0.450,0.430,,,,
2.79,0.440,0.440,,,,
2.98,0.100,0.090,,,,
2.85,0.250,0.230,,,,
2.97,0.180,0.160,,,,
2.64,0.370,0.370,,,,
2.77,0.450,0.450,,,,
2.89,0.500,0.490,,,,
2.89,,0.000,,,,
2.89,0.540,0.530,,,,
2.84,0.500,0.480,,,,
2.86,0.490,0.490,,,,
2.79,0.510,0.490,,,,
2.94,0.110,0.120,,,,
2.80,0.180,0.180,,,,
2.99,0.110,0.100,,,,
2.99,0.140,0.140,,,,
2.99,0.080,0.070,,,,
3.06,0.070,0.060,,,,
3.08,0.130,0.110,,,,
3.09,0.080,0.070,,,,
3.08,0.080,0.070,,,,
3.06,0.070,0.060,,,,
3.07,0.090,0.075,,,,
2.92,0.173,0.143,,,,
3.09,0.300,0.170,,,,
2.97,0.290,0.270,,,,
3.00,0.310,0.280,,,,
3.05,0.250,0.210,,,,
3.00,0.365,0.365,,,,
3.01,0.315,0.290,,,,
2.98,0.350,0.340,,,,
3.03,0.270,0.240,,,,
3.02,0.310,0.300,,,,
3.02,0.330,0.320,,,,
3.02,0.350,0.350,,,,
3.01,0.290,0.285,,,,
3.01,0.290,0.280,,,,
3.03,0.280,0.260,,,,
2.98,0.120,0.110,,,,
2.99,0.080,0.080,,,,
2.99,0.150,0.130,,,,
3.00,0.300,0.310,,,,
2.98,0.280,0.280,,,,
3.00,0.330,0.320,,,,
2.99,0.320,0.320,,,,
2.97,0.170,0.150,,,,
2.97,0.150,0.130,,,,
2.99,0.170,0.150,,,,
2.98,0.060,0.060,,,,
2.97,0.070,0.070,,,,
2.99,0.130,0.120,,,,
3.06,0.070,0.060,,,,
3.00,0.100,0.100,,,,
2.99,0.100,0.100,,,,
2.98,0.070,0.070,,,,
2.98,0.180,0.180,,,,
2.96,0.290,0.275,,,,
3.05,0.300,0.200,,,,
2.99,0.280,0.270,,,,
3.00,0.290,0.275,,,,
3.00,0.270,0.260,,,,
3.01,0.330,0.320,,,,
3.04,0.260,0.240,,,,
3.05,0.280,0.210,,,,
3.02,0.280,0.240,,,,
3.05,0.300,0.250,,,,
3.06,0.300,0.230,,,,
3.08,0.150,0.130,,,,
3.08,0.170,0.160,,,,
3.06,0.070,0.060,,,,
3.08,0.070,0.060,,,,
3.07,0.090,0.070,,,,
3.03,0.160,0.130,,,,
3.03,0.180,0.150,,,,
3.03,0.080,0.080,,,,
3.04,0.070,0.060,,,,
3.03,0.065,0.060,,,,
3.03,0.070,0.060,,,,
3.03,0.060,0.040,,,,
3.03,0.110,0.100,,,,
3.05,0.110,0.100,,,,
3.05,0.110,0.100,,,,
3.06,0.115,0.095,,,,
3.03,0.120,0.070,,,,
3.06,0.080,0.080,,,,
3.06,0.115,0.105,,,,
3.07,0.130,0.120,,,,
3.05,0.250,0.200,,,,
3.04,0.280,0.260,,,,
3.06,0.170,0.070,,,,
3.06,0.180,0.140,,,,
3.02,0.060,0.040,,,,
2.99,0.320,0.310,,,,
2.72,0.140,0.110,,,,
2.91,0.200,0.180,,,,
2.85,0.210,0.140,,,,
2.78,0.200,0.180,,,,
2.87,0.190,0.150,,,,
2.84,0.340,0.300,,,,
2.81,0.380,0.360,,,,
2.78,0.430,0.390,,,,
2.98,0.045,0.040,,,,
2.74,0.350,0.340,,,,
2.90,0.490,0.470,,,,
2.89,0.180,0.170,,,,
2.96,0.180,0.110,,,,
2.85,0.180,0.110,,,,
3.03,0.180,0.060,,,,
3.05,0.370,0.340,,,,
3.11,0.180,0.160,,,,
3.03,0.040,0.020,,,,
2.95,0.040,0.020,,,,
3.00,0.080,0.090,,,,
3.03,0.060,0.050,,,,
3.03,0.050,0.040,,,,
2.78,0.100,0.100,,,,
3.01,0.090,0.080,,,,
2.99,,0.090,,,,
3.04,,0.110,,,,
2.90,,0.200,,,,
2.87,,0.140,,,,
2.97,,0.050,,,,
3.02,,0.140,,,,
3.02,,0.150,,,,
2.42,,0.210,,,,
2.98,,0.060,,,,
3.04,,0.080,,,,
2.98,,0.070,,,,
2.84,0.200,0.190,,,,
2.85,0.230,0.210,,,,
2.84,0.210,0.190,,,,
2.83,0.240,0.210,,,,
3.02,0.020,0.010,,,,
3.07,0.020,0.010,,,,
2.72,0.040,0.040,,,,
2.98,0.030,0.020,,,,
3.04,0.030,0.020,,,,
3.01,0.040,0.020,,,,
2.97,0.030,0.030,,,,
3.00,0.020,0.010,,,,
3.11,0.120,0.110,,,,
3.09,0.140,0.100,,,,
3.01,0.060,0.030,,,,
3.04,0.020,0.010,,,,
2.99,0.060,0.060,,,,
3.01,0.020,0.020,,,,
3.10,0.100,0.100,,,,
2.61,0.120,0.090,,,,
2.73,0.050,0.020,,,,
2.94,0.040,0.020,,,,
3.00,0.020,0.020,,,,
3.04,0.020,0.010,,,,
2.62,0.220,0.190,,,,
3.11,0.040,0.040,,,,
3.08,0.060,0.040,,,,
3.07,0.050,0.040,,,,
2.99,0.060,0.050,,,,
2.96,0.080,0.070,,,,
3.04,0.030,0.020,,,,
3.03,0.040,0.020,,,,
3.04,0.030,0.020,,,,
3.03,0.040,0.030,,,,
3.07,0.040,0.040,,,,
3.04,0.040,0.030,,,,
3.11,0.150,0.130,,,,
3.00,0.040,0.030,,,,
3.09,0.080,0.080,,,,
2.60,0.010,0.010,,,,
2.85,0.110,0.100,,,,
2.60,,0.230,,,,
2.72,,0.370,,,,
2.62,,0.350,,,,
2.57,0.030,0.040,,,,
2.46,0.010,0.010,,,,
2.45,0.110,0.060,,,,
3.00,0.240,0.170,,,,
2.45,0.220,0.080,,,,
2.54,0.090,0.050,,,,
2.52,0.230,0.180,,,,
2.52,0.020,0.010,,,,
2.39,0.265,0.110,,,,
3.06,0.140,0.040,,,,
3.07,0.170,0.060,,,,
2.81,0.290,0.120,,,,
2.69,0.420,0.350,,,,
2.53,0.140,0.110,,,,
2.79,0.190,0.050,,,,
2.88,0.040,0.010,,,,
2.39,0.570,0.530,,,,
3.07,0.130,0.120,,,,
2.96,0.060,0.040,,,,
2.97,0.120,0.060,,,,
3.04,0.350,0.290,,,,
2.70,0.155,0.170,,,,
2.87,0.045,0.035,,,,
2.92,,0.040,,,,
2.97,,0.020,,,,
3.02,,0.020,,,,
3.01,,0.020,,,,
2.96,,0.010,,,,
2.56,,0.240,,,,
2.46,,0.210,,,,
2.82,,0.200,,,,
2.98,,0.020,,,,
2.86,,0.040,,,,
2.91,,0.000,,,,
3.01,,0.000,,,,
2.98,,0.001,,,,
2.90,,0.001,,,,
3.00,,0.001,,,,
2.51,0.160,0.120,,,,
2.49,0.160,0.100,,,,
2.51,0.160,0.150,,,,
2.46,0.070,0.030,,,,
2.52,0.260,0.230,,,,
2.57,0.330,0.320,,,,
2.45,0.190,0.110,,,,
2.51,0.090,0.040,,,,
2.54,0.160,0.110,,,,
2.48,0.140,0.070,,,,
2.56,0.300,0.270,,,,
3.04,0.280,0.160,,,,
3.04,0.340,0.230,,,,
3.07,0.260,0.180,,,,
2.48,0.230,0.180,,,,
2.51,0.160,0.130,,,,
2.45,0.120,0.070,,,,
2.49,0.090,0.030,,,,
2.62,0.280,0.170,,,,
2.59,0.160,0.130,,,,
2.44,0.020,0.010,,,,
2.59,0.190,0.140,,,,
2.48,0.210,0.100,,,,
3.07,0.110,0.040,,,,
3.08,0.110,0.050,,,,
2.57,0.180,0.130,,,,
3.07,0.140,0.070,,,,
2.86,0.120,0.110,,,,
2.51,0.160,0.110,,,,
2.57,0.030,0.020,,,,
2.56,0.050,0.040,,,,
2.49,0.050,0.050,,,,
2.49,0.160,0.100,,,,
2.49,0.190,0.130,,,,
2.45,0.130,0.110,,,,
2.43,0.180,0.160,,,,
3.00,0.030,0.040,,,,
2.94,,0.025,,,,
2.92,,0.080,,,,
2.94,,0.190,,,,
3.05,,0.090,,,,
2.76,,0.070,,,,
3.04,,0.110,,,,
2.99,,0.100,,,,
3.01,,0.080,,,,
,,0.450,,,,
2.71,0.067,0.062,1.97E-18,,3.95E-18,
2.67,0.079,0.071,8.78E-17,8.58E-16,1.06E-16,
2.86,0.037,0.006,,,,
2.94,0.042,0.039,,,,
3.06,0.195,0.194,9.30E-16,,1.36E-15,
3.01,0.055,0.050,,,,
2.98,0.054,0.031,,,,
2.78,0.171,0.171,1.05E-16,,1.63E-16,
2.95,0.045,0.043,,,,
2.74,0.023,0.020,,,,
2.66,0.149,0.147,1.05E-16,3.95E-17,1.73E-16,
2.91,0.187,0.185,3.95E-18,,1.09E-17,
2.85,0.342,0.342,4.87E-16,2.76E-16,8.98E-16,
2.35,0.237,0.234,2.96E-17,,7.40E-17,
2.96,0.021,0.003,,,,
3.05,0.221,0.218,4.74E-17,,8.78E-17,
2.93,0.011,0.002,,,,
2.78,0.013,0.002,,,,
2.85,0.100,0.094,,,,
2.86,0.054,0.051,4.93E-18,,9.87E-18,
2.85,0.023,0.004,,,,
3.00,0.160,0.153,1.01E-16,3.55E-17,1.74E-16,
,,0.000,,,,
2.65,0.216,0.186,,,,
2.64,0.223,0.217,5.92E-18,,8.88E-18,
2.83,0.191,0.188,3.95E-18,,9.87E-18,
2.78,0.077,0.036,1.48E-17,2.27E-16,2.86E-17,
2.79,0.169,0.166,1.97E-18,,5.92E-18,
2.84,0.012,0.004,,,,
2.78,0.007,0.002,,,,
2.73,0.020,0.002,5.92E-18,,7.90E-18,
2.86,0.017,0.013,,,,
2.89,0.027,0.026,,,,
2.81,0.041,0.037,6.91E-18,9.87E-19,7.90E-18,
2.94,0.012,0.001,,,,
3.09,0.137,0.054,9.87E-19,,1.97E-18,
2.93,0.169,0.169,7.90E-18,,1.78E-17,
2.98,0.014,0.006,,,,
2.67,0.079,0.070,6.91E-18,9.87E-18,1.58E-17,
3.05,0.008,0.003,,,,
2.96,0.040,0.034,2.94E-16,,3.14E-16,
2.86,0.130,0.009,,,,
2.98,0.029,0.021,,,,
2.94,0.019,0.014,,,,
2.93,0.014,0.002,,,,
2.89,0.012,0.002,,,,
2.90,0.027,0.008,1.04E-16,,1.18E-16,
2.97,0.020,0.018,,,,
2.95,0.032,0.011,2.81E-16,,2.99E-16,
2.90,0.015,0.002,,,,
2.73,0.070,0.068,5.92E-18,,1.48E-17,
2.93,0.025,0.021,9.48E-16,,1.05E-15,
2.96,0.064,0.062,4.93E-18,,6.91E-18,
2.96,0.052,0.004,,,,
2.73,0.015,0.008,2.96E-18,,7.90E-18,
2.81,0.023,0.014,3.95E-18,,9.87E-18,
2.81,0.036,0.025,,,,
2.78,0.091,0.089,,,,
2.92,0.004,0.001,,,,
2.82,0.020,0.002,,,,
2.80,0.036,0.010,,,,
2.83,0.037,0.010,,,,
2.63,0.026,0.017,,,,
2.92,0.049,0.003,,,,
2.81,0.049,0.010,,,,
2.71,0.020,0.008,,,,
2.85,0.070,0.020,,,,
2.84,0.015,0.005,,,,
2.88,0.050,0.020,,,,
2.88,0.138,0.134,1.58E-17,,2.86E-17,
2.90,0.035,0.026,,,,
2.90,0.144,0.142,5.92E-18,,1.18E-17,
2.92,0.029,0.027,1.97E-17,,2.47E-17,
2.78,0.167,0.158,1.96E-16,,3.24E-16,
2.91,0.019,0.013,3.95E-18,,1.09E-17,
2.70,0.108,0.101,2.46E-16,,3.32E-16,
2.92,0.031,0.026,8.88E-18,,1.97E-17,
2.90,0.043,0.029,,,,
2.71,0.075,0.070,1.34E-16,,2.17E-16,
2.96,0.011,0.001,,,,
,,0.000,,,,
3.01,0.007,0.004,1.22E-15,2.74E-16,1.36E-15,
3.08,0.025,0.022,7.90E-18,,1.68E-17,
2.96,0.018,0.016,2.96E-18,,8.88E-18,
2.96,0.007,0.005,,,,
2.95,0.030,0.006,,,,
2.94,0.030,0.007,,,,
2.80,0.045,0.034,,,,
2.87,0.054,0.020,5.92E-18,,6.91E-18,
2.78,0.050,0.046,,,,
2.89,0.030,0.029,1.66E-15,2.47E-16,1.77E-15,
2.89,0.171,0.170,3.65E-17,,7.30E-17,
2.95,0.031,0.008,2.76E-17,,3.26E-17,
2.88,0.088,0.084,3.26E-17,,4.93E-17,
2.86,0.026,0.003,1.88E-17,,2.17E-17,
2.80,0.195,0.190,2.47E-18,,6.42E-18,
2.89,0.140,0.093,,,,
2.95,0.058,0.035,,,,
2.86,0.020,0.010,,,,
,,,,,,
2.75,0.008,0.002,,,,
2.85,0.011,0.002,,,,
2.88,0.013,0.001,,,,
2.84,0.010,0.001,,,,
2.86,0.034,0.005,,,,
2.91,0.075,0.073,2.04E-16,,2.65E-16,
2.89,0.026,0.008,,,,
2.89,0.029,0.022,,,,
2.84,0.048,0.047,9.87E-19,,1.97E-18,
2.79,0.050,0.040,,,,
2.80,0.030,0.026,,,,
2.80,0.018,0.002,3.85E-17,,4.54E-17,
2.72,0.098,0.097,5.73E-15,,5.92E-15,
2.68,0.041,0.022,,,,
2.66,0.029,0.009,,,,
2.83,0.108,0.105,9.87E-19,,1.97E-18,
2.92,0.025,0.009,,,,
2.86,0.016,0.010,,,,
2.66,0.103,0.102,1.76E-16,6.91E-17,2.54E-16,
2.79,0.041,0.003,3.95E-18,,9.87E-18,
2.96,0.125,0.124,1.97E-18,,4.93E-18,
2.89,0.062,0.024,,,,
2.96,0.127,0.126,2.47E-17,,4.98E-17,
2.69,0.141,0.140,2.17E-17,,3.95E-17,
2.63,0.065,0.064,2.02E-17,,3.65E-17,
2.96,0.019,0.008,3.16E-17,,3.75E-17,
2.96,0.315,0.313,4.75E-15,4.18E-15,5.13E-15,
2.89,0.042,0.038,6.91E-18,,1.09E-17,
2.95,0.013,0.001,,,,
2.94,0.029,0.015,9.87E-19,,1.97E-18,
2.86,0.007,0.003,,,,
2.84,0.017,0.001,,,,
2.79,0.141,0.137,1.92E-16,1.97E-17,2.48E-16,
2.44,0.180,0.177,1.18E-15,1.48E-16,1.35E-15,
2.70,0.275,0.222,,,,
2.95,0.063,0.059,,,,
2.74,0.054,0.048,,,,
2.73,0.096,0.093,1.65E-14,8.96E-15,1.83E-14,
3.00,0.041,0.038,3.55E-17,9.87E-17,4.84E-17,
2.94,0.039,0.033,,,,
2.99,0.036,0.019,3.16E-17,,3.85E-17,
2.94,0.025,0.024,,,,
2.91,0.013,0.011,,,,
2.97,0.023,0.013,,,,
2.95,0.033,0.025,2.96E-18,,4.93E-18,
2.95,0.054,0.053,2.66E-17,,3.45E-17,
2.97,0.073,0.072,2.57E-16,3.95E-17,1.64E-16,
2.94,0.049,0.046,,,,
2.30,,0.056,1.16E-16,,1.63E-16,
2.53,,0.242,5.88E-15,1.40E-16,6.11E-15,
2.28,,0.015,1.18E-17,,2.27E-17,
2.39,,0.072,2.73E-16,5.92E-18,2.83E-16,
,,0.000,,,,
2.24,,0.186,2.57E-17,,4.64E-17,
2.23,,0.183,1.74E-17,9.87E-19,2.96E-17,
2.20,,0.186,1.70E-17,8.88E-18,2.94E-17,
2.22,,0.206,6.91E-18,,1.28E-17,
2.98,,0.005,2.96E-18,,5.92E-18,
,,0.000,,,,
2.97,,0.022,9.87E-19,,2.96E-18,
2.93,,0.004,4.93E-18,,9.87E-18,
2.85,,0.045,2.96E-18,,5.92E-18,
2.95,,0.015,1.83E-16,7.80E-17,2.55E-16,
2.76,,0.183,1.97E-17,,3.55E-17,
2.87,,0.016,1.97E-18,,3.95E-18,
2.91,,0.128,6.91E-18,,1.38E-17,
2.94,,0.009,,,,
2.77,,0.108,2.96E-18,,5.92E-18,
2.86,,0.038,3.95E-18,,7.90E-18,
2.81,,0.015,,,,
2.83,,0.025,1.97E-18,,4.93E-18,
2.69,,0.178,1.04E-15,4.72E-16,1.46E-15,
2.91,,0.022,3.95E-18,,8.88E-18,
2.87,,0.166,5.13E-17,,1.15E-16,
2.83,,0.214,6.58E-18,,1.58E-17,
2.81,,0.093,4.64E-16,5.92E-18,4.65E-16,
2.80,,0.049,2.43E-16,9.87E-19,2.93E-16,
2.84,,0.112,1.97E-18,,3.95E-18,
2.76,,0.022,9.87E-19,,2.96E-18,
2.80,,0.049,2.96E-18,,5.92E-18,
2.76,,0.030,3.95E-18,,7.90E-18,
2.69,,0.140,8.88E-18,,1.78E-17,
2.81,,0.012,3.95E-18,,7.90E-18,
2.81,,0.005,5.92E-18,,1.09E-17,
2.84,,0.040,9.87E-19,,2.96E-18,
2.69,,0.037,2.96E-18,,4.93E-18,
2.78,,0.072,9.87E-19,,1.97E-18,
2.80,,0.022,9.87E-19,,2.96E-18,
2.79,,0.003,1.97E-18,,4.93E-18,
2.88,,0.045,2.96E-18,,5.92E-18,
2.95,,0.034,1.97E-18,,4.93E-18,
2.78,,0.027,9.87E-19,,2.96E-18,
2.88,,0.079,1.88E-17,,3.45E-17,
2.74,,0.046,1.97E-18,,3.95E-18,
2.86,,0.017,9.87E-19,,2.96E-18,
2.76,,0.079,2.96E-18,,5.92E-18,
2.33,,0.041,7.90E-18,,1.58E-17,
2.61,,0.140,1.46E-17,1.09E-17,2.54E-17,
2.93,,0.044,3.91E-17,,6.78E-17,
2.31,,0.044,1.95E-16,,2.80E-16,
2.31,,0.043,,,,
2.39,,0.077,3.55E-17,,6.32E-17,
2.31,,0.185,,,,
2.87,,0.077,2.96E-18,,5.92E-18,
2.64,,0.121,3.95E-18,,7.90E-18,
2.65,,0.004,1.97E-18,,4.93E-18,
2.42,,0.003,2.96E-18,,5.92E-18,
2.52,,0.108,8.88E-18,,2.04E-17,
2.88,,0.003,2.96E-18,,5.92E-18,
2.78,,0.372,8.07E-16,,1.22E-15,
2.79,,0.008,3.95E-18,,6.91E-18,
2.60,,0.158,3.95E-18,,7.90E-18,
2.76,,0.094,2.96E-18,,5.92E-18,
2.81,,0.293,7.01E-17,,1.18E-16,
2.86,,0.198,4.64E-17,,1.68E-16,
2.72,,0.029,2.96E-18,,5.92E-18,
2.89,,0.025,3.95E-18,,8.88E-18,
2.94,,0.044,,,9.87E-19,
2.80,,0.103,4.53E-16,,4.83E-16,
2.90,,0.041,5.92E-18,,1.18E-17,
2.91,,0.063,1.97E-18,,4.93E-18,
2.89,,0.021,3.95E-18,,7.90E-18,
2.87,,0.193,1.81E-17,2.96E-18,2.76E-17,
2.94,,0.012,2.96E-18,,5.92E-18,
2.84,,0.164,1.73E-16,,2.03E-16,
2.96,,0.047,5.92E-18,,1.28E-17,
2.61,,0.073,4.25E-16,,5.40E-16,
2.43,,0.219,3.65E-14,3.95E-18,3.63E-14,
2.53,,0.088,9.87E-18,,1.88E-17,
2.79,,0.090,2.96E-17,,1.22E-16,
2.95,,0.021,2.96E-18,,6.91E-18,
2.75,,0.043,3.65E-17,,6.42E-17,
2.73,,0.015,2.96E-18,,4.93E-18,
2.98,,0.109,2.96E-18,,5.92E-18,
2.71,,0.065,3.36E-17,,5.92E-17,
2.82,,0.005,2.96E-18,,5.92E-18,
2.65,,0.141,3.06E-17,,5.53E-17,
2.96,,0.009,2.96E-18,,6.91E-18,
2.71,,0.100,9.87E-19,,2.96E-18,
2.77,,0.057,2.96E-18,,4.93E-18,
2.74,,0.006,2.96E-18,,5.92E-18,
2.59,0.216,0.186,5.83E-16,4.54E-16,8.68E-16,
3.01,0.006,,,,,
2.79,0.374,0.371,1.32E-16,,2.52E-16,
2.80,0.022,0.013,,,,
2.73,0.304,0.297,5.36E-16,,6.46E-16,
2.76,0.098,0.087,1.38E-17,,2.66E-17,
2.73,0.154,0.152,9.87E-19,,2.96E-18,
2.74,0.232,0.229,5.92E-18,,1.48E-17,
2.71,0.124,0.065,,,,
2.70,0.021,0.017,,,,
2.74,0.366,0.355,4.00E-13,,5.21E-13,
2.71,0.393,0.373,4.55E-13,,5.03E-13,
2.74,0.363,0.354,1.13E-13,,1.41E-13,
3.00,0.006,0.001,,,,
2.77,0.159,0.154,2.96E-18,,7.90E-18,
2.78,0.296,0.292,1.68E-17,,3.75E-17,
2.76,0.026,0.002,,,,
2.83,0.320,0.316,1.84E-16,,2.26E-16,
3.08,0.061,0.064,7.36E-16,8.88E-17,4.38E-15,
3.08,0.135,0.125,1.39E-15,1.26E-15,1.75E-15,
3.14,0.293,0.286,5.14E-14,6.76E-13,4.00E-14,
2.97,0.414,0.396,7.50E-12,3.01E-13,7.50E-12,
3.07,0.395,0.392,,,1.13E-11,
3.03,,0.367,8.61E-15,1.18E-16,8.75E-14,
,,0.000,,,,
2.62,0.285,0.253,2.34E-13,,2.51E-13,
2.64,0.258,0.236,2.38E-14,1.10E-14,2.66E-14,
2.70,0.481,0.456,1.77E-12,5.86E-13,1.87E-12,
3.08,0.141,0.139,9.11E-14,9.84E-15,1.37E-13,
3.07,0.313,0.310,6.99E-15,,1.14E-14,
2.67,0.463,0.456,2.96E-12,,2.96E-12,
2.71,0.492,0.476,2.09E-12,,2.53E-12,
2.68,0.388,0.384,7.18E-13,1.53E-13,8.01E-13,
2.66,0.469,0.453,2.77E-12,,2.82E-12,
3.07,0.396,0.394,,4.85E-12,3.71E-11,
3.01,0.276,0.274,5.70E-13,,6.03E-13,
2.77,0.453,0.442,1.03E-14,,1.15E-14,
2.96,0.236,0.235,1.52E-15,,1.56E-15,
2.98,0.255,0.252,2.19E-15,,2.94E-15,
3.02,0.318,0.317,9.41E-14,5.28E-14,1.17E-13,
3.04,0.330,0.298,2.43E-16,,4.04E-16,
3.04,0.320,0.297,1.88E-16,,2.34E-16,
2.98,0.241,0.240,7.21E-17,,9.87E-17,
2.74,0.470,0.400,1.01E-12,,1.05E-12,
2.75,0.420,0.415,1.39E-12,,1.48E-12,
2.79,0.283,0.282,1.26E-13,,1.41E-13,
2.98,0.197,0.158,5.92E-18,,1.12E-17,
3.06,,0.122,2.40E-15,,3.76E-15,
3.06,,0.128,5.15E-15,,7.81E-15,1.61
3.06,,0.127,4.39E-16,,7.41E-16,1.34
3.06,,0.129,8.32E-15,,1.23E-14,1.46
3.06,,0.126,5.01E-15,,7.61E-15,1.62
3.06,,0.123,6.20E-15,,9.33E-15,1.38
3.06,,0.123,1.00E-14,,1.47E-14,1.56
3.06,,0.123,,,5.00E-16,1.27
3.06,,0.131,4.30E-16,,7.26E-16,
3.07,,0.113,1.11E-15,,1.81E-15,0.97
3.07,,0.128,7.55E-15,,1.13E-14,1.36
3.07,,0.123,1.55E-14,,2.23E-14,1.66
3.06,,0.124,3.03E-15,,4.71E-15,1.21
3.06,,0.130,4.14E-15,,6.34E-15,1.61
3.06,,0.131,9.17E-16,,1.50E-15,1.77
3.07,,0.126,3.32E-15,,5.14E-15,1.53
,,0.000,,,,
,,0.000,,,,
3.05,,0.327,1.98E-16,,3.45E-16,1.42
3.05,,0.346,1.52E-16,,2.67E-16,1.05
3.05,,0.267,1.27E-16,,2.26E-16,1.37
3.05,,0.363,2.25E-16,,3.90E-16,1.08
3.06,,0.267,1.34E-16,,2.37E-16,1.28
3.06,,0.160,2.93E-16,,5.03E-16,
3.06,,0.141,2.71E-16,,4.67E-16,
3.06,,0.158,1.95E-16,,3.40E-16,1.50
3.06,,0.136,1.76E-16,,3.09E-16,1.57
3.06,,0.154,5.41E-16,,9.05E-16,1.63
3.07,,0.161,1.70E-16,,2.98E-16,1.41
3.05,,0.166,2.23E-16,,3.87E-16,1.24
3.06,,0.146,2.88E-16,,4.94E-16,1.29
3.05,,0.176,1.73E-16,,3.03E-16,1.42
3.05,,0.149,1.66E-16,,2.92E-16,
3.05,,0.151,1.36E-16,,2.41E-16,1.53
3.05,,0.153,2.78E-16,,4.78E-16,1.54
3.05,,0.308,3.46E-16,,5.90E-16,1.06
3.05,,0.308,1.11E-16,,1.98E-16,1.33
3.05,,0.335,1.33E-16,,2.35E-16,1.29
3.05,,0.309,3.81E-15,,5.86E-15,1.32
3.05,,0.341,1.65E-16,,2.90E-16,
3.04,,0.326,1.97E-16,,3.43E-16,
3.05,,0.273,1.19E-16,,2.11E-16,
3.05,,0.363,1.33E-16,,2.36E-16,1.13
3.06,,0.287,1.76E-16,,3.09E-16,
3.04,,0.297,3.31E-16,,5.66E-16,
3.04,,0.306,2.81E-16,,4.83E-16,1.08
3.06,,0.264,9.00E-17,,1.62E-16,1.27
3.05,,0.314,1.59E-16,,2.80E-16,
3.05,,0.299,2.89E-16,,4.95E-16,
3.04,,0.318,1.91E-16,,3.33E-16,1.11
3.04,,0.289,4.77E-16,,8.02E-16,1.32
3.05,,0.293,2.05E-16,,3.56E-16,1.30
3.04,,0.312,1.38E-16,,2.45E-16,1.12
3.04,,0.333,2.99E-16,,5.13E-16,
3.04,,0.314,1.33E-16,,2.36E-16,
3.05,,0.295,3.95E-15,,6.07E-15,
3.05,,0.303,1.33E-16,,2.36E-16,1.40
3.04,,0.310,1.60E-16,,2.81E-16,
3.05,,0.274,1.51E-16,,2.66E-16,
3.04,,0.305,2.53E-16,,4.37E-16,
3.04,,0.317,1.69E-16,,2.96E-16,
3.08,,0.110,7.07E-15,,1.06E-14,
3.08,,0.127,1.87E-15,,2.96E-15,
3.07,,0.129,2.18E-15,,3.43E-15,
3.08,,0.131,3.63E-16,,6.18E-16,
3.07,,0.110,3.36E-15,,5.19E-15,1.62
3.07,,0.120,1.08E-14,,1.58E-14,1.13
3.07,,0.113,1.43E-14,,2.06E-14,1.21
3.07,,0.111,4.29E-16,,7.25E-16,1.38
3.08,,0.113,1.18E-14,,1.72E-14,1.42
3.07,,0.117,8.60E-15,,1.27E-14,
3.06,,0.124,1.04E-14,,1.52E-14,
3.06,,0.118,9.37E-15,,1.38E-14,1.59
3.07,,0.133,2.18E-14,,3.09E-14,
3.07,,0.120,1.14E-15,,1.86E-15,1.57
3.06,,0.126,3.71E-15,,5.71E-15,
3.07,,0.115,6.11E-15,,9.19E-15,1.49
3.06,,0.121,6.36E-15,,9.55E-15,
3.06,,0.116,1.44E-14,,2.08E-14,
3.06,,0.125,1.04E-14,,1.53E-14,
3.06,,0.233,1.23E-16,,2.18E-16,1.27
3.06,,0.250,1.78E-16,,3.12E-16,
3.06,,0.244,2.49E-16,,4.30E-16,1.22
3.05,,0.224,1.00E-16,,1.80E-16,1.97
3.05,,0.264,1.16E-16,,2.06E-16,1.17
2.15,,0.477,7.39E-13,2.69E-13,7.57E-13,
2.19,,0.458,2.58E-13,1.59E-15,4.02E-13,
2.61,,0.068,2.57E-17,,4.64E-17,
2.81,,0.005,4.74E-17,,8.29E-17,
2.63,,0.066,4.64E-17,,8.98E-17,
2.90,,0.042,,,,
2.85,,0.060,2.66E-17,,7.40E-17,
2.90,,0.028,1.68E-17,,3.06E-17,
2.71,,0.063,4.24E-17,,9.38E-17,
2.71,,0.051,1.38E-17,,2.66E-17,
2.83,,0.004,1.18E-17,,2.17E-17,
2.81,,0.004,9.87E-18,,1.88E-17,
2.82,,0.011,2.66E-17,,4.84E-17,
2.80,,0.036,1.18E-17,,2.27E-17,
3.09,,0.095,8.38E-16,,1.13E-15,
3.09,,0.170,6.51E-16,3.50E-17,9.62E-16,
2.72,,0.178,8.35E-15,3.95E-18,1.06E-14,
3.06,,0.104,2.37E-17,,3.14E-16,
2.93,,0.178,1.33E-16,,1.77E-16,
2.89,,0.196,4.95E-17,4.93E-18,7.32E-17,
2.93,,0.008,1.18E-17,,1.63E-17,
3.07,,0.051,1.68E-17,,2.27E-17,
2.87,,0.018,7.70E-17,,1.35E-16,
3.06,,0.087,1.48E-17,,2.12E-17,
3.03,,0.073,1.78E-17,,2.02E-17,
3.03,,0.067,2.07E-17,,3.75E-17,
2.84,,0.339,8.57E-13,,8.97E-13,
2.86,,0.267,2.64E-14,4.42E-15,2.48E-14,
3.00,,0.271,,,,
3.06,,0.056,3.06E-17,,4.74E-17,
3.04,,0.072,5.43E-18,,1.09E-17,
2.96,,0.071,1.85E-16,,2.86E-16,
2.92,,0.013,8.88E-18,,1.78E-17,
2.75,,0.007,1.18E-17,,2.27E-17,
2.88,,0.011,1.18E-17,,2.37E-17,
2.66,,0.124,2.17E-16,,3.76E-16,
2.66,,0.006,1.78E-17,,3.26E-17,
2.75,,0.014,8.88E-18,,1.78E-17,
2.95,,0.050,2.07E-17,,3.85E-17,
2.69,,0.004,7.90E-18,,1.58E-17,
2.88,,0.007,7.90E-18,,1.58E-17,
3.10,,0.017,4.91E-16,,6.66E-16,
2.91,,0.010,1.28E-17,,2.37E-17,
3.21,,0.011,1.38E-17,,2.47E-17,
2.98,,0.011,1.18E-17,,2.27E-17,
2.94,,0.068,1.41E-17,,2.96E-17,
2.96,,0.108,4.56E-16,1.58E-17,5.55E-16,
,,0.000,,,,
2.87,,0.003,,,,
2.85,0.269,0.253,1.01E-16,,1.72E-16,
2.78,0.125,0.124,2.96E-18,,6.91E-18,
2.75,0.165,0.164,4.93E-18,,1.18E-17,
2.71,0.216,0.213,4.84E-17,,9.18E-17,
2.61,0.157,0.157,1.79E-16,,2.16E-16,
2.82,0.160,0.160,1.09E-17,,2.37E-17,
2.95,0.173,0.172,7.01E-17,,1.24E-16,
2.84,0.217,0.216,5.92E-18,,1.38E-17,
2.61,0.327,0.319,,,,
2.85,0.132,0.121,1.53E-17,,2.81E-17,
2.67,0.113,0.113,4.93E-18,,1.09E-17,
2.81,0.184,0.176,6.61E-17,,9.67E-17,
2.82,0.118,0.117,6.91E-18,,9.87E-18,
2.68,0.190,0.184,7.01E-17,,1.33E-16,
,,,,,,
,,,,,,
,,,,,,
2.82,,,,,,
2.81,0.149,0.146,1.68E-17,7.90E-18,3.75E-17,
,,0.000,,,,
2.77,0.148,0.149,2.86E-17,3.95E-18,4.15E-17,2.77
2.83,0.143,0.136,,5.92E-18,,
2.82,0.165,0.150,1.88E-17,5.92E-18,4.15E-17,
2.78,0.164,0.161,2.66E-17,6.91E-18,5.43E-17,2.52
2.81,0.163,0.155,5.43E-17,1.38E-17,7.60E-17,
2.81,0.176,0.175,4.93E-17,1.28E-17,8.98E-17,
2.80,0.189,0.185,1.03E-16,3.65E-17,1.41E-16,
2.81,0.244,0.197,1.41E-16,1.21E-16,2.89E-16,
2.52,,0.431,5.38E-13,,5.65E-13,
2.63,,0.376,1.45E-12,,1.51E-12,
2.64,,0.426,2.82E-12,,2.92E-12,
2.63,,0.157,1.50E-14,,1.85E-14,
2.28,,0.298,5.65E-14,,6.46E-14,
2.58,,0.343,3.05E-14,,3.61E-14,
2.53,,0.303,3.16E-14,,3.74E-14,
2.52,,0.379,1.05E-12,,1.10E-12,
2.64,,0.403,1.22E-11,,1.21E-11,
2.68,,0.533,4.66E-12,,4.78E-12,
2.54,,0.423,2.01E-12,,2.09E-12,
2.63,,0.498,1.20E-11,,1.19E-11,
2.69,,0.439,5.44E-12,,5.56E-12,
2.75,,0.424,6.38E-12,,6.50E-12,
2.67,,0.399,1.66E-12,,1.73E-12,
2.76,,0.404,4.70E-12,,4.83E-12,
2.32,,0.151,1.40E-15,,1.97E-15,
2.48,,0.153,6.62E-15,,8.56E-15,
2.43,,0.254,1.19E-14,,1.49E-14,
2.53,,0.293,7.28E-14,,8.21E-14,
2.45,,0.216,2.45E-16,,3.82E-16,
2.42,,0.145,1.41E-15,,1.98E-15,
2.51,,0.233,1.78E-15,,2.48E-15,
,,,,,,
2.80,,0.260,3.82E-17,,6.61E-17,
2.82,,0.231,1.42E-18,,2.96E-18,
2.52,,0.268,3.00E-15,,4.06E-15,
,,,,,,
2.77,,0.234,1.21E-16,,1.95E-16,
2.61,,0.336,1.00E-16,,1.64E-16,
2.75,,0.334,1.94E-11,,1.86E-11,
2.45,,0.380,2.24E-12,,2.33E-12,
2.45,,0.390,1.54E-12,,1.60E-12,
2.72,,0.346,7.64E-12,,7.72E-12,
2.66,,0.447,5.81E-12,,5.92E-12,
2.57,,0.367,1.71E-13,,1.84E-13,
2.75,,0.463,1.54E-11,,1.50E-11,
2.70,,0.455,4.44E-12,,4.56E-12,
2.48,,0.448,2.56E-13,,2.68E-13,
2.78,,0.461,2.39E-11,,2.25E-11,
2.53,,0.172,8.52E-15,,1.09E-14,
2.46,,0.241,1.28E-14,,1.60E-14,
2.56,,0.377,2.52E-13,,2.64E-13,
2.60,,0.312,1.50E-14,,1.85E-14,
2.65,,0.312,7.95E-15,,1.02E-14,
2.62,,0.334,1.38E-14,,1.71E-14,
2.55,,0.348,8.92E-13,,9.35E-13,
2.58,,0.250,1.42E-13,,1.54E-13,
2.63,,0.349,3.62E-12,,3.73E-12,
2.87,,0.398,1.24E-12,,1.29E-12,
2.62,,0.336,1.26E-12,,1.32E-12,
2.64,,0.348,2.00E-12,,2.08E-12,
2.52,,0.385,1.31E-12,,1.26E-12,
2.63,,0.397,2.27E-13,,2.39E-13,
2.60,,0.406,9.35E-13,,9.13E-13,
2.70,,0.437,3.29E-13,,3.45E-13,
2.72,,0.374,9.50E-12,,8.13E-12,
2.59,,0.211,7.44E-15,,9.55E-15,
2.68,,0.281,2.46E-12,,2.27E-12,
2.62,,0.254,3.52E-17,,6.12E-17,
2.48,,0.457,4.66E-14,,5.39E-14,
2.42,,0.122,6.59E-15,,8.52E-15,
2.86,,0.227,8.14E-16,,1.18E-15,
2.43,,0.284,2.94E-15,,3.98E-15,
2.46,,0.197,4.10E-15,,5.44E-15,
2.64,,0.269,8.92E-17,,1.47E-16,
2.37,,0.104,4.54E-15,,5.99E-15,
2.30,,0.145,2.94E-15,,3.98E-15,
2.49,,0.232,3.38E-14,,3.98E-14,
2.42,,0.103,3.37E-15,,4.52E-15,
2.35,,0.095,2.09E-14,,2.53E-14,
2.54,,0.269,6.77E-15,,8.73E-15,
2.50,,0.460,3.49E-13,,3.60E-13,
2.44,,0.419,8.61E-15,,1.10E-14,
2.50,,0.379,1.28E-16,,1.35E-16,
2.57,,0.353,8.92E-13,,9.35E-13,
2.62,,0.457,2.48E-12,,2.57E-12,
2.68,,0.335,2.39E-12,,2.48E-12,
2.70,,0.398,1.21E-12,,1.26E-12,
2.76,,0.405,1.25E-11,,1.23E-11,
2.57,,0.392,1.00E-12,,1.05E-12,
2.67,,0.366,1.48E-12,,1.55E-12,
2.69,,0.334,4.58E-12,,4.08E-12,
2.67,,0.221,2.46E-14,,2.59E-14,
2.66,,0.377,3.82E-12,,3.94E-12,
2.66,,0.441,8.90E-12,,7.64E-12,
2.61,,0.321,2.96E-13,,3.11E-13,
2.70,,0.438,4.62E-12,,4.74E-12,
2.46,,0.374,1.06E-12,,1.11E-12,
2.48,,0.494,6.76E-12,,6.86E-12,
2.75,,0.412,9.11E-12,,7.82E-12,
2.59,,0.400,8.67E-14,,9.68E-14,
2.43,,0.181,9.59E-16,,1.38E-15,
2.67,,0.282,1.97E-12,,2.06E-12,
2.56,,0.375,3.40E-13,,3.51E-13,
2.53,,0.388,3.01E-12,,3.11E-12,
2.74,,0.415,2.32E-12,,2.41E-12,
2.72,,0.352,3.45E-12,,3.56E-12,
2.70,,0.345,4.18E-15,,5.54E-15,
2.54,,0.467,1.21E-11,,1.20E-11,
2.58,,0.340,1.57E-13,,1.70E-13,
2.90,,0.08,,,,
2.92,,0.10,,,,
2.86,,0.10,,,,
2.92,,0.08,,,,
2.91,,0.11,,,,
2.92,,0.10,,,,
2.94,,0.09,,,,
2.93,,0.08,,,,
2.94,,0.09,,,,
2.90,,0.19,,,,
2.86,,0.21,,,,
2.92,,0.07,,,,
2.94,,0.08,,,,
3.04,,0.06,,,,
3.02,,0.05,,,,
2.87,,0.23,,,,
2.90,,0.24,,,,
2.96,,0.24,,,,
2.94,,0.29,,,,
2.59,,0.08,,,,
2.58,,0.20,,,,
2.58,,0.23,,,,
2.57,,0.22,,,,
2.59,,0.32,,,,
2.57,,0.26,,,,
2.60,,0.29,,,,
2.61,,0.28,,,,
2.58,,0.31,,,,
2.58,,0.27,,,,
2.59,,0.26,,,,
2.62,,0.09,,,,
2.58,,0.08,,,,
2.91,,0.24,,,,
2.93,,0.24,,,,
2.92,,0.27,,,,
2.99,,0.23,,,,
2.97,,0.26,,,,
2.93,,0.28,,,,
2.93,,0.09,,,,
2.91,,0.08,,,,
2.91,,0.09,,,,
2.92,,0.08,,,,
2.90,,0.08,,,,
2.92,,0.08,,,,
2.92,,0.09,,,,
2.92,,0.09,,,,
2.91,,0.10,,,,
2.90,,0.11,,,,
2.91,,0.13,,,,
2.88,,0.14,,,,
2.88,,0.22,,,,
2.93,,0.26,,,,
2.85,,0.21,,,,
2.88,,0.24,,,,
2.88,,0.24,,,,
2.85,,0.16,,,,
2.88,,0.15,,,,
2.90,,0.18,,,,
2.88,,0.23,,,,
2.88,,0.18,,,,
2.82,,0.21,,,,
2.75,,0.18,,,,
2.88,,0.21,,,,
2.93,,0.08,,,,
2.93,,0.08,,,,
2.94,,0.09,,,,
3.09,,0.05,,,,
2.99,,0.05,,,,
2.99,,0.06,,,,
2.51,,0.24,,,,
2.52,,0.23,,,,
2.56,,0.24,,,,
2.54,,0.22,,,,
2.56,,0.20,,,,
2.53,,0.28,,,,
2.53,,0.28,,,,
2.54,,0.29,,,,
2.51,,0.26,,,,
2.52,,0.15,,,,
2.54,,0.16,,,,
2.57,,0.17,,,,
2.56,,0.17,,,,
2.90,,0.24,,,,
2.73,,0.15,,,,
2.90,,0.26,,,,
2.90,,0.24,,,,
2.91,,0.18,,,,
2.89,,0.23,,,,
2.88,,0.25,,,,
2.83,,0.23,,,,
2.55,,0.16,,,,
2.94,,0.27,,,,
2.59,,0.146,,,,
2.93,,0.022,,,,
2.46,,0.203,,,,
2.80,,0.081,,,,
2.41,,0.199,,,,
2.71,,0.097,,,,
2.83,,0.022,,,,
2.80,,0.033,,,,
2.89,,0.083,,,,
2.70,,0.105,,,,
2.29,,0.192,,,,
2.82,,0.117,,,,
3.00,,0.137,9.88E-17,,9.88E-17,
2.75,,0.012,1.32E-16,,1.32E-16,
3.02,,0.029,2.39E-18,,2.39E-18,
2.78,,0.180,2.78E-17,,2.78E-17,
2.91,,0.121,1.53E-18,,1.53E-18,
2.86,,0.242,1.29E-16,,1.29E-16,
2.99,,0.136,4.34E-16,,4.34E-16,
2.84,,0.012,,,,
2.92,,0.008,,,,
2.66,,0.042,1.62E-15,,1.62E-15,
2.61,,0.079,4.23E-15,,4.23E-15,
2.89,,0.012,,,,
2.48,,0.028,1.91E-15,,1.91E-15,
2.90,,0.009,,,,
2.95,,0.006,,,,
2.95,,0.006,,,,
2.12,,0.279,9.64E-15,,9.64E-15,
2.70,,0.136,1.23E-15,,1.23E-15,
2.92,,0.032,,,,
2.45,,0.083,1.08E-13,,1.08E-13,
2.68,,0.360,3.26E-16,2.47E-17,3.26E-16,
2.71,,0.215,,,,
2.72,,0.065,5.46E-19,,5.46E-19,
2.62,,0.264,,7.50E-19,,
2.75,,0.275,,,,
2.86,,0.302,,,,
2.90,,0.221,3.63E-17,8.88E-19,3.63E-17,
3.04,,0.039,,,,
3.06,,0.047,1.23E-19,,1.23E-19,
2.67,,0.395,,2.57E-16,,
2.93,,0.105,,,,
2.83,,0.098,1.09E-17,1.48E-20,1.09E-17,
2.86,,0.216,,3.16E-18,,
2.86,,0.149,1.09E-17,9.28E-20,1.09E-17,
2.80,,0.139,,7.90E-19,,
2.76,,0.222,,,,
2.80,,0.178,,,,
2.81,,0.344,2.01E-17,6.91E-18,2.01E-17,
2.89,,0.099,,,,
2.82,,0.136,,,,
2.84,,0.177,,,,
2.85,,0.050,,,,
2.77,,0.237,,4.44E-19,,
2.61,,0.121,,7.30E-19,,
2.81,,0.139,,2.37E-18,,
2.75,,0.248,,6.91E-18,,
2.79,,0.234,1.46E-18,3.36E-19,1.46E-18,
2.84,,0.113,,,,
2.71,,0.306,,,,
3.03,,0.183,,,,
2.98,,0.214,,,,
2.93,,0.271,,,,
2.98,,0.244,6.99E-16,4.93E-16,6.99E-16,
3.01,,0.234,,,,
2.99,,0.240,,,,
2.96,,0.206,,,,
3.02,,0.103,,,,
2.95,,0.232,,1.58E-16,,
2.95,,0.281,,,,
2.77,,0.144,,,,
2.80,,0.159,,,,
2.77,,0.160,1.84E-17,9.87E-18,1.84E-17,
2.72,,0.303,,,,
2.88,,0.320,1.48E-15,6.91E-16,1.48E-15,
2.95,,0.127,,,,
2.84,,0.220,,,,
2.85,,0.185,,,,
2.88,,0.347,,,,
2.92,,0.185,,,,
2.92,,0.223,,,,
2.84,,0.252,,,,
2.83,,0.274,1.40E-16,7.90E-17,1.40E-16,
2.93,,0.347,4.97E-17,1.09E-16,4.97E-17,
2.91,,0.371,6.07E-18,5.72E-18,6.07E-18,
2.99,,0.310,,,,
2.91,,0.247,,,,
2.99,,0.099,,,,
,,0.160,5.68E-16,,,
,,0.107,5.68E-16,2.66E-17,5.68E-16,
2.91,,0.080,3.48E-18,9.87E-22,3.48E-18,
2.92,,0.342,6.92E-18,6.51E-18,6.92E-18,
2.93,,0.029,6.50E-19,1.88E-21,6.50E-19,
,,0.076,4.33E-17,1.68E-18,4.33E-17,
2.91,,0.237,6.13E-18,,6.13E-18,
,,0.113,2.82E-19,8.49E-20,2.82E-19,
2.86,,0.111,2.80E-18,7.90E-19,2.80E-18,
2.84,,0.240,2.51E-17,1.68E-17,2.51E-17,
,,0.244,2.37E-16,5.92E-19,2.37E-16,
2.69,,0.279,2.17E-17,5.92E-19,2.17E-17,
,,0.251,4.02E-17,8.88E-19,4.02E-17,
2.72,,0.305,5.11E-17,5.53E-18,5.11E-17,
2.80,,0.248,2.11E-17,9.28E-19,2.11E-17,
2.69,,0.253,7.46E-17,1.88E-17,7.46E-17,
2.96,,0.170,1.93E-18,,1.93E-18,
2.97,,0.124,1.70E-19,,1.70E-19,
2.75,,0.211,8.71E-17,8.39E-19,8.71E-17,
3.00,,0.019,1.08E-20,,1.08E-20,
2.82,,0.366,2.75E-16,1.18E-18,2.75E-16,
2.86,,0.059,3.59E-19,,3.59E-19,
2.93,,0.043,1.63E-18,,1.63E-18,
2.79,,0.154,4.35E-17,1.28E-19,4.35E-17,
2.75,,0.051,1.22E-18,8.78E-22,1.22E-18,
2.85,,0.042,7.06E-20,,7.06E-20,
2.92,,0.099,4.72E-19,2.57E-21,4.72E-19,
2.86,,0.073,6.17E-19,3.65E-21,6.17E-19,
2.77,,0.148,1.18E-18,1.78E-19,1.18E-18,
2.94,,0.113,,,,
2.91,,0.051,,,,
2.89,,0.049,,,,
2.59,,0.269,,1.97E-19,,
2.75,,0.390,,3.75E-18,,
2.71,,0.401,,6.42E-19,,
2.78,,0.387,,2.17E-17,,
2.74,,0.365,,2.07E-17,,
2.77,,0.310,,,,
2.70,,0.066,,,,
2.71,,0.226,,,,
2.68,,0.340,,,,
2.57,,0.252,,,,
2.73,,0.246,,,,
2.75,,0.175,,,,
2.93,,0.224,,,,
2.69,,0.258,,,,
2.55,,0.193,,,,
2.21,,0.221,,,,
2.57,,0.176,,,,
2.84,,0.199,,,,
2.69,,0.260,,,,
2.71,,0.147,,,,
2.86,,0.055,,,,
2.94,,0.052,,,,
2.95,,0.140,,,,
2.82,,0.468,,,,
2.93,,0.028,,,,
2.66,,0.482,,,,
2.73,,0.469,,,,
2.66,,0.396,,,,
2.40,,0.350,,,,
2.63,,0.303,,,,
2.83,,0.157,,,,
2.89,,0.077,,,,
2.89,,0.047,,,,
2.70,,0.258,,,,
2.77,,0.165,,,,
2.81,,0.145,,,,
2.77,,0.030,,,,
3.01,,0.029,,,,
3.04,,0.027,,,,
3.04,,0.027,,,,
3.00,,0.022,,,,
3.00,,0.018,,,,
3.02,,0.017,,,,
3.02,,0.018,,,,
3.01,,0.020,,,,
3.02,,0.020,,,,
3.01,,0.020,,,,
3.01,,0.022,,,,
3.03,,0.018,,,,
3.04,,0.003,,,,
3.01,,0.009,,,,
3.03,,0.027,,,,
3.03,,0.025,,,,
3.05,,0.028,,,,
3.05,,0.029,,,,
3.05,,0.017,,,,
3.05,,0.015,,,,
3.04,,0.015,,,,
2.89,,0.016,,,,
2.89,,0.016,,,,
2.87,,0.018,,,,
